Query_id	Query_length	Hit_id	Hit_length	Identity	Similarity	Overlap	Bits	E-value	Alignments	
>LYSC_CHICK	147	TX219_APOSC	76	26.8	58.5	82	31.1	0.036	"63 RNTDGSTDYGILQINSRWWCNDGRTPG----SRNLCNIPCSALLSSDITASVNCAKKIVSDGNGMNAWVAWRNRCKGTDVQA 140
   .:  ..  . :... .  ::   .:::    ::. :   :.:  :...: : .:...  :: .:.     . :.:.  .:..
4  QNLGSDIPHDIIKLPNGQWC---KTPGALCSSRSEC---CKAKHSDSVTYSSGCSRQW-SDQQGL-----FINQCRTCNVES 73"
>LYSC_CHICK	147	SCX12_CENNO	67	34.8	56.5	46	26.6	0.7	"84 DGRTPGSRNLCNIPCSALLSSDITASVNCAKKIVSDGNGMNAWVAW 129
   ::  : . : :.. ::.:  .. : .  : ::  :: .   ::. .
2  DGY-PLASNGCKFGCSGLGENNPTCNHVCEKKAGSDYGYCYAWTCY 46"
>LYSC_CHICK	147	SX15F_RHOJU	65	33.9	52.5	59	26.1	0.97	"88 PGSRNLCNIPCSALLSSDITASVNC-AKKIVSDGNGMNAWVAWRNRCKGT----DVQAW 141
   : .:: :.:::.    .:   .:.: ::   :::  .    .:   :  :    :...:
5  PMGRNGCKIPCAI---NDNICKVECQAKWKQSDGYCY----SWGLSCYCTNLLEDAEVW 56"
>LYSC_CHICK	147	PA2A2_HELSU	142	29.6	66.7	54	27.2	1	"26 LAAAMKRHGLDNYRGYSLGNWVCAAKFESNFNTQATNRNTD--GSTDYGILQIN 77
   .::   .::. ::: .....  :  .:.: .  .. .:..:  : : . .:.:.
43 MAALEYKHGMRNYRPHTVSHCDCDNQFRSCL-MNVKDRTADLVGMTYFTVLKIS 95"
>LYSC_CHICK	147	CRVP2_DISTY	219	25.2	56.3	103	26.1	3.3	"38  YRGYSLGNWVCAAKF--ESNFNTQATNRNTDGSTDYGILQI--NSRWWCNDGRTPGSRNLCNIPCSALLSSDITASVNCAKKIVSDGNGMNAWVAWRNRCKGT 136
    :..: .:   :::..   :..:   . .   ...  :.     .:   :.:  .  . .::. :::     :.   .:: :..:...: .. ..  :. : .:
122 YKSYRVG---CAASYCPSSSYNYFYVCQYCPAGNFAGLTATPYKSGPTCGDCPSACDNGLCTNPCS---REDVF--MNC-KSLVAQSNCQDDYI--RKNCPAT 213"
>LYSC_CHICK	147	CRVP1_DISTY	219	25.2	56.3	103	26.1	3.3	"38  YRGYSLGNWVCAAKF--ESNFNTQATNRNTDGSTDYGILQI--NSRWWCNDGRTPGSRNLCNIPCSALLSSDITASVNCAKKIVSDGNGMNAWVAWRNRCKGT 136
    :..: .:   :::..   :..:   . .   ...  :.     .:   :.:  .  . .::. :::     :.   .:: :..:...: .. ..  :. : .:
122 YKSYRVG---CAASYCPPSSYNYFYVCQYCPAGNFAGLTATPYKSGPTCGDCPSACDNGLCTNPCS---REDVF--MNC-KSLVAQSNCQDDYI--RKNCPAT 213"
>LYSC_CHICK	147	SX17F_RHOJU	65	29.1	54.5	55	24.0	4.2	"88 PGSRNLCNIPCSALLSSDITASVNC-AKKIVSDGNGMNAWVAWRNRCKGTDVQAW 141
   : .:: :.:::.    .:   ...: ::   :::  ..  ..        :...:
5  PMGRNGCKIPCAI---NDNICKTECQAKWKQSDGYCYSPGMSCYCTNLPEDAEVW 56"
>LYSC_CHICK	147	TX216_APOSC	76	22.2	55.6	81	24.2	4.4	"63 RNTDGSTDYGILQINSRWWCNDGRTPGSRNLCNIP---CSALLSSDITASVNCAKKIVSDGNGMNAWVAWRNRCKGTDVQA 140
   .:  ..  .  ... .  ::   .:::  .::.     :.:  :...: .  :...     .:..:     :.:.  .:..
4  QNLGSGIPHDKIKLPNGQWC---KTPG--DLCSSSSECCKAKHSNSVTYASFCSRQW----SGQQALFI--NQCRTCNVES 73"
>LYSC_CHICK	147	TOPC5_PHONI	80	27.3	49.4	77	24.1	4.7	"57 NTQATNRNTDGSTDYGILQINSRWWCNDGRTPGSRNLCNIPCSALLSSDITASVNCAKKIVSDGNGMNAWVAWRNRC 133
   :    : . ::: :       .  .:.     : .. :.  :: . .:    :: : ::.  .  .  ::..:...:
2  NCIELNNDCDGSKD-DCQCCRDNAYCSCYNFFGIKSGCK--CS-VGNSGTGYSV-CLKKL--ECPNRRAWTSWKKEC 71"
>LYSC_CHICK	147	PA2A3_TROCA	124	31.5	57.4	54	24.4	6.2	"82 CNDGRTPGSRNLCNIPCSALLSS-DITASVNCAKKIVSDGNGMNAW-VAWRNRC 133
   ::::.   . :  :  :.:.. . : ::..  :.   .:.:    : .  ..::
77 CNDGELTCKDN--NDECKAFICNCDRTAAICFARTPYNDAN----WNINTKTRC 124"
>LYSC_CHICK	147	TX214_APOSC	76	22.2	55.6	81	23.6	6.4	"63 RNTDGSTDYGILQINSRWWCNDGRTPGSRNLCNIP---CSALLSSDITASVNCAKKIVSDGNGMNAWVAWRNRCKGTDVQA 140
   .:  ..  .  ... .  ::   .:::  .::.     :.:  :...: .  :...  :  .:.     . :.:.  .:..
4  QNLGSGIPHDRIKLPNGQWC---KTPG--DLCSSSSECCKAKHSNSVTYASFCSREW-SGQQGL-----FINQCRTCNVES 73"
>LYSC_CHICK	147	PA2A2_TROCA	124	31.5	57.4	54	24.1	7.5	"82 CNDGRTPGSRNLCNIPCSALLSS-DITASVNCAKKIVSDGNGMNAW-VAWRNRC 133
   ::::.   . :  :  :.:.. . : ::..  :.   .:.:    : .  ..::
77 CNDGELTCKDN--NDECKAFICNCDRTAAICFARAPYNDAN----WNIDTKTRC 124"
>LYSC_CHICK	147	PA2A1_TROCA	124	31.5	57.4	54	24.1	7.5	"82 CNDGRTPGSRNLCNIPCSALLSS-DITASVNCAKKIVSDGNGMNAW-VAWRNRC 133
   ::::.   . :  :  :.:.. . : ::..  :.   .:.:    : .  ..::
77 CNDGELTCKDN--NDECKAFICNCDRTAAICFARTPYNDAN----WNIDTKTRC 124"
>LYSC_CHICK	147	CRVP_PHIOL	221	23.3	53.4	103	24.8	8.3	"38  YRGYSLG--NWVCAAKFESNFNT--QATNRNTDGSTDYGILQINSRWWCNDGRTPGSRNLCNIPCSALLSSDITASVNCAKKIVSDGNGMNAWVAWRNRCKGT 136
    :..: .:   . : ... . : .       :  : :       ::   :.:  .  . .::. :::   ....:   :: ...:.... .. :.  .. : .:
122 YKSYRIGCAAYYCPSSLYNYFYVCQYCPAGNFAGRT---ATPYNSGPTCGDCPSACDNGLCTNPCSE--KNEFT---NC-NELVQQSSCQDDWI--KSNCAAT 213"
>LYSC_CHICK	147	CRVP_OPHHA	221	24.3	52.4	103	24.8	8.3	"38  YRGYSLGNWV--CAAKFESNFNT--QATNRNTDGSTDYGILQINSRWWCNDGRTPGSRNLCNIPCSALLSSDITASVNCAKKIVSDGNGMNAWVAWRNRCKGT 136
    :. : .:  :  : ..  : : .     . :  :::       .:   :.:  .  . .::. ::.  : .. :   ::  ..:.... .. :.  ...: ..
122 YKTYRIGCAVNYCPSSEYSYFYVCQYCPSGNMRGST---ATPYKSGPTCGDCPSACDNGLCTNPCT--LYNEYT---NC-DSLVKQSSCQDEWI--KSKCPAS 213"
>LYSC_CHICK	147	VM3B1_BOTJA	166	29.8	50.9	57	24.2	9.5	"82 CNDGRTPGSRNLCNIPCSALLSSDITASVNCAKKIVSD-----GNGMNAWVAWRNRC 133
   :. :: ::.   :. ::    .  .: . .::  .  :     : : .  .: :..:
19 CDCGR-PGK---CQNPCCNATTCKLTPGSQCADGLCCDQCRFKGAGTECRAA-RSEC 70"
